{
  "message": {
    "id": "00001",
    "value": "成功しました"
  },
  "execTime": 5624,
  "hitNum ": 2,
  "configurations": [
    {
      "configuration_type_name": "xxxxxxxxxx1",
      "configuration_formal_name": "xxxxxxxxxxxxxxxxxxxxxxxxxxxxxxxxxxxxxxxx1",
      "configuration_serial": "xxxxxxxxxxxxxxx1",
      "configuration_product_type": "xxxxx1"
    },
    {
      "configuration_type_name": "xxxxxxxxxx2",
      "configuration_formal_name": "xxxxxxxxxxxxxxxxxxxxxxxxxxxxxxxxxxxxxxxx2",
      "configuration_serial": "xxxxxxxxxxxxxxx2",
      "configuration_product_type": "xxxxx2"
    }
  ]
}
