{
  "message": {
    "id": "00001",
    "value": "成功しました"
  },
  "execTime": 5624,
  "hitNum": 2,
  "constracts": [
    {
      "追番": "xxxxxxxxx1",
      "maintenance_order_no": "xxxxxxxxxxxxx1",
      "maintenance_order_issue_date": "xxxxxxxx1",
      "maintenance_order_pos": "xxxxxxxxxxxxxxxxxxxxxxxxxxxxxx1",
      "添付明細POS": "xxxxxxxxxx1",
      "service_type_name": "xxxxxxxxxxxxxxxxxxxxxxxxxxxxxx1",
      "service_name": "xxxxxxxxxxxxxxxxxxxxxxxxxxxxxx1",
      "maintenance_start_date": "20141212",
      "maintenance_end_date": "20141212",
      "型名種別": "1"
    },
    {
      "追番": "xxxxxxxxx2",
      "maintenance_order_no": "xxxxxxxxxxxxx2",
      "maintenance_order_issue_date": "xxxxxxxx2",
      "maintenance_order_pos": "xxxxxxxxxxxxxxxxxxxxxxxxxxxxxx2",
      "添付明細POS": "xxxxxxxxxx2",
      "service_type_name": "xxxxxxxxxxxxxxxxxxxxxxxxxxxxxx2",
      "service_name": "xxxxxxxxxxxxxxxxxxxxxxxxxxxxxx2",
      "maintenance_start_date": "20141212",
      "maintenance_end_date": "20141212",
      "型名種別": "2"
    }
  ]
}
