{
  "serviceCommodityName": "wlq",
  "type": "1",
  "serviceStartDate_week": "9:00",
  "serviceEndDate_week": "24:00:00",
  "serviceStartDate_sat": "10:00",
  "serviceEndDate_sat": "22:00",
  "serviceStartDate_sun": "12:00",
  "serviceEndDate_sun": "20:00",
  "serviceStartDate_hol": "14:00",
  "serviceEndDate_hol": "16:00",
  "periodicInspectionCycle": "1",
  "maintenanceOrderNo": "wqenqi",
  "maintenanceOrderDate": "2014/0102",
  "salesPos": "2",
  "orderNo": "CA001",
  "safaiaNegotiationNo": "4",
  "contractCode": "5",
  "contractName": "MIW",
  "destinationCode": "111",
  "destinationName": "FUO9QW",
  "serviceStartDate": "20140502",
  "serviceEndDate": "20141002",
  "cancellationDate": "20141102",
  "serviceAdministratorId": "2237/2/13",
  "representativeCustomerName": "musaha",
  "representativeCustomerTel": "1900/4/23",
  "adminCompanyName": "htyryr",
  "adminCompanyKanaName": "ertet",
  "adminDepName": "hjttyjt",
  "adminName": "swew",
  "adminKanaName": "uilulul",
  "adminPostName": "537787",
  "adminAdd": "ertetete",
  "adminTel": "23123131gete",
  "adminEmail": "1231312@231.com",
  "adminVice1CompanyName": "htyryr",
  "adminVice1CompanyKanaName": "ertet",
  "adminVice1DepName": "hjttyjt",
  "adminVice1Name": "swew",
  "adminVice1KanaName": "uilulul",
  "adminVice1PostName": "537787",
  "adminVice1Add": "ertetete",
  "adminVice1Tel": "23123131gete",
  "adminVice1Email": "1231312@231.com",
  "adminVice2CompanyName": "htyryr",
  "adminVice2CompanyKanaName": "ertet",
  "adminVice2DepName": "hjttyjt",
  "adminVice2Name": "swew",
  "adminVice2KanaName": "uilulul",
  "adminVice2PostName": "537787",
  "adminVice2Add": "ertetete",
  "adminVice2Tel": "23123131gete",
  "adminVice2Email": "1231312@231.com",
  "remCon1CompanyName": "htyryr",
  "remCon1CompanyKanaName": "ertet",
  "remCon1DepName": "hjttyjt",
  "remCon1Name": "swew",
  "remCon1KanaName": "uilulul",
  "remCon1PostName": "537787",
  "remCon1Add": "ertetete",
  "remCon1Tel": "23123131gete",
  "remCon1Email": "1231312@231.com",
  "remCon2CompanyName": "htyryr",
  "remCon2CompanyKanaName": "ertet",
  "remCon2DepName": "hjttyjt",
  "remCon2Name": "swew",
  "remCon2KanaName": "uilulul",
  "remCon2PostName": "537787",
  "remCon2Add": "ertetete",
  "remCon2Tel": "23123131gete",
  "remCon2Email": "1231312@231.com",
  "remCon3CompanyName": "htyryr",
  "remCon3CompanyKanaName": "ertet",
  "remCon3DepName": "hjttyjt",
  "remCon3Name": "swew",
  "remCon3KanaName": "uilulul",
  "remCon3PostName": "537787",
  "remCon3Add": "ertetete",
  "remCon3Tel": "23123131gete",
  "remCon3Email": "1231312@231.com",
  "salesOrganization": "werwre",
  "salesEmployeeNo": "ertet",
  "salesName": "234234",
  "salesTel": "jtyutut",
  "officeAgentNo": "ykukertw",
  "officeAgentName": "797978",
  "seOrganization": "gedgrew",
  "seEmployeeNo": "louoiuou",
  "seName": "7i6776i",
  "seTel": "fwerfwe",
  "bussinessPartnerNo": "5utrutu",
  "bussinessPartnerName": "rwqr23r",
  "partnerDepName": "iouiop",
  "partnerName": "werwerw",
  "partnerTel": "werwre"
}