{
    "message": {
        "id": "00001",
        "value": "成功しました"
    },
    "execTime": 5624,
    "hitNum ": 2,
    "notices": [{
     "title": "稼動管理画面からのCSV作成依頼を受け付けました。",
        "text": "譚　玲  殿
                              
※ 本メールは、自動メール配信しております。
                              
サービスポータル上で
稼動登録/契約促進情報、製品とサービスの紐付管理情報   を閲覧できます。
                              
[URL]：  /ServicePortal_webapi/da000110_DLUL001_2015090111331737.csv
                              
20150730   検知状況
                              
■稼動管理情報/契約促進情報通知
                              
  稼働登録通知    新着      0  件あります
  保証期間満了              1  件あります
  サポート契約促進          2  件あります
  製品リプレース推進        3  件あります
  SDKパック契約満了        4  件あります
                              
■製品とサービスの紐付け促進
                              
  機器紐付けなし            0  件あります
                              
以上です。
"
    }]
}