<?xml version="1.0" encoding="UTF-8" ?>									
  <corporations>									
    <lastUpdateDate>2017-03-23</lastUpdateDate>									
    <count>1</count>									
    <divideNumber>1</divideNumber>									
    <divideSize>1</divideSize>									
    <corporation>									
      <sequenceNumber>1</sequenceNumber>									
      <corporateNumber>1020001071491</corporateNumber>									
      <process>71</process>									
      <correct>0</correct>									
      <updateDate>2016-11-11</updateDate>									
      <changeDate>2016-11-02</changeDate>									
      <name>富士通株式会社</name>									
      <nameImageId />									
      <kind>301</kind>									
      <prefectureName>神奈川県</prefectureName>									
      <cityName>川崎市中原区</cityName>									
      <streetNumber>上小田中４丁目１番１号</streetNumber>									
      <addressImageId />									
      <prefectureCode>14</prefectureCode>									
      <cityCode>133</cityCode>									
      <postCode>2110053</postCode>									
      <addressOutside />									
      <addressOutsideImageId />									
      <closeDate />									
      <closeCause />									
      <successorCorporateNumber />									
      <changeCause></changeCause>									
      <assignmentDate>2015-10-05</assignmentDate>									
      <latest>2015-10-05</latest>									
      <enName>ABC</enName>									
      <enPrefectureName>AAA</enPrefectureName>									
      <enCityName>BBB</enCityName>									
      <enAddressOutside>CCC</enAddressOutside>									
    </corporation>									
    <corporation>									
      <sequenceNumber>1</sequenceNumber>									
      <corporateNumber>1020001071491</corporateNumber>									
      <process>71</process>									
      <correct>0</correct>									
      <updateDate>2016-11-11</updateDate>									
      <changeDate>2016-11-02</changeDate>									
      <name>富士通株式会社</name>									
      <nameImageId />									
      <kind>301</kind>									
      <prefectureName>神奈川県</prefectureName>									
      <cityName>川崎市中原区</cityName>									
      <streetNumber>上小田中４丁目１番１号</streetNumber>									
      <addressImageId />									
      <prefectureCode>14</prefectureCode>									
      <cityCode>133</cityCode>									
      <postCode>2110053</postCode>									
      <addressOutside />									
      <addressOutsideImageId />									
      <closeDate />									
      <closeCause />									
      <successorCorporateNumber />									
      <changeCause></changeCause>									
      <assignmentDate>2015-10-05</assignmentDate>									
      <latest>2015-10-05</latest>									
      <enName>ABC</enName>									
      <enPrefectureName>AAA</enPrefectureName>									
      <enCityName>BBB</enCityName>									
      <enAddressOutside>CCC</enAddressOutside>									
    </corporation>									
  </corporations>									
