<?xml version="1.0" encoding="utf-8"?>
<fjiduser_data xmlns="http://jp.fujitsu.com/fjiduser" xmlns:xsi="http://www.w3.org/2001/XMLSchema-instance" xsi:schemaLocation="http://jp.fujitsu.com/fjiduser fjiduser.xsd">
	<info>
		<apiversion>102</apiversion>
		<generatedtime>2016/12/21 11:10:45</generatedtime>
		<itemcount>2</itemcount>
		<result>1</result>
		<resultcode>0</resultcode>
		<resultmsg>OK</resultmsg>
	</info>
	<selectlists>
	</selectlists>
	<info> </info>	
	<users>
		<fjiduser>
			<Person>
				<FeStKana></FeStKana>
				<FeUserID></FeUserID>
				<FelKana></FelKana>
				<cn>terasima.yutaro@jp.fujitsu.com</cn>
				<description></description>
				<facsimileTelephoneNumber></facsimileTelephoneNumber>
				<givenName>佑太郎</givenName>
				<l>川崎市中原区中丸子</l>
				<mail>terasima.yutaro@jp.fujitsu.com</mail>
				<o>富士通株式会社</o>
				<ou>eSUPPORT開発部</ou>
				<physicalDeliveryOfficeName>野村不動産武蔵小杉オフィス</physicalDeliveryOfficeName>
				<postOfficeBox></postOfficeBox>
				<postalAddress></postalAddress>
				<postalCode>2110012</postalCode>
				<sn>寺島</sn>
				<st>
					<name>神奈川県</name>
					<id>14</id>
				</st>
				<street>13-2</street>
				<telephoneNumber>0448746106</telephoneNumber>
				<title>なし</title>
				<uid>fj0901</uid>
				<userPassword>{SHA}pnEEz09QSEyhsz/bMYnwUpHCK48=</userPassword>
			</Person>
		</fjiduser>
		<fjiduser>
			<Person>
				<FeStKana></FeStKana>
				<FeUserID></FeUserID>
				<FelKana></FelKana>
				<cn>terasima.yutaro@jp.fujitsu.com</cn>
				<description></description>
				<facsimileTelephoneNumber></facsimileTelephoneNumber>
				<givenName>中丸子</givenName>
				<l>川崎市中原区中丸子</l>
				<mail>terasima.yutaro@jp.fujitsu.com</mail>
				<o>富士通株式会社</o>
				<ou>eSUPPORT開発部</ou>
				<physicalDeliveryOfficeName>野村不動産武蔵小杉オフィス</physicalDeliveryOfficeName>
				<postOfficeBox></postOfficeBox>
				<postalAddress></postalAddress>
				<postalCode>2110012</postalCode>
				<sn>寺島</sn>
				<st>
					<name>神奈川県</name>
					<id>14</id>
				</st>
				<street>13-2</street>
				<telephoneNumber>0448746106</telephoneNumber>
				<title>なし</title>
				<uid>1482132428440562</uid>
				<userPassword>{SHA}pnEEz09QSEyhsz/bMYnwUpHCK48=</userPassword>
			</Person>
		</fjiduser>
	</users>
	
</fjiduser_data>
